,Year,Month,level_average,Z Scores
0,2020,7,656.6273333333334,-0.5263214499850806
1,2020,6,665.0573333333333,-0.003356484415657178
2,2020,5,665.0583870967744,-0.0032911129611287913
3,2020,4,671.2753333333333,0.3823844593459886
4,2020,3,671.7232258064516,0.4101699957378219
5,2020,2,673.1144827586205,0.49647825719561794
6,2020,1,672.0567741935483,0.43086206225902746
7,2019,12,672.2525806451611,0.44300914579709627
8,2019,11,673.5350000000001,0.5225655388871265
9,2019,10,668.7970967741936,0.22864413943811684
10,2019,9,666.0126666666666,0.05590874260379592
11,2019,8,667.943870967742,0.17571327295010683
12,2019,7,679.036129032258,0.8638345489639654
13,2019,6,681.0509999999998,0.9888294393876806
14,2019,5,682.7051612903225,1.0914472806972755
15,2019,4,680.1310000000001,0.9317561572614965
16,2019,3,683.4196774193547,1.1357731291928996
17,2019,2,685.2428571428572,1.2488762278083676
18,2019,1,686.645806451613,1.3359098383598624
19,2018,12,685.4178064516128,1.2597294139566182
20,2018,11,684.8858235666664,1.2267272299578624
21,2018,10,679.3318084838711,0.8821773715300882
22,2018,9,664.6273333333334,-0.030032040192030516
23,2018,8,643.4390322580646,-1.3444732195873546
24,2018,7,649.0709677419354,-0.9950894774270047
25,2018,6,646.8133333333333,-1.1351444834487097
26,2018,5,659.298387096774,-0.36061948801214544
27,2018,4,664.9313333333334,-0.011173042619889197
28,2018,3,664.8190322580645,-0.01813977191543556
29,2018,2,664.9403571428572,-0.010613239982057966
30,2018,1,664.3887096774192,-0.044835339361565654
31,2017,12,664.8273225806452,-0.017625472002864
32,2017,11,662.3425333333331,-0.17177229562894086
33,2017,10,664.2395161290323,-0.054090736620802625
34,2017,9,660.1956666666666,-0.30495569449197607
35,2017,8,659.0170967741935,-0.37806966403389225
36,2017,7,658.1574193548387,-0.4314007639168963
37,2017,6,668.9253333333334,0.23659944521928578
38,2017,5,672.6512903225806,0.4677435696077627
39,2017,4,680.828,0.9749953720897092
40,2017,3,685.3387096774194,1.2548225525339942
41,2017,2,684.8803571428571,1.2263881139271087
42,2017,1,684.746129032258,1.2180611152037502
43,2016,12,685.5503870967741,1.2679542102237527
44,2016,11,679.0159000000002,0.8625796171539758
45,2016,10,675.9029354838711,0.6694632018519254
46,2016,9,675.1753333333332,0.6243255466200991
47,2016,8,667.9748387096773,0.17763439324607114
48,2016,7,667.6632258064518,0.15830312026785942
49,2016,6,681.2363333333332,1.0003268107145538
50,2016,5,673.7890322580645,0.5383247288150236
51,2016,4,665.5296666666667,0.025945269487543794
52,2016,3,664.8848387096775,-0.014057391286482337
53,2016,2,663.6175862068966,-0.09267289086947177
54,2016,1,667.1874193548387,0.12878590738700732
55,2015,12,666.0126129032259,0.05590540732551136
56,2015,11,661.2382,-0.24028091290577547
57,2015,10,646.4170967741935,-1.1597254844579477
58,2015,9,646.3576666666665,-1.1634123010815094
59,2015,8,649.4693548387097,-0.9703750652860951
60,2015,7,664.3922580645161,-0.044615210994311885
61,2015,6,667.6746666666667,0.15901286748830423
62,2015,5,654.1464516129031,-0.6802258655849183
63,2015,4,647.4756666666668,-1.0940558560629134
64,2015,3,645.9616129032256,-1.1879819621445615
65,2015,2,645.0932142857142,-1.2418540918132899
66,2015,1,640.0445161290323,-1.5550560203636545
67,2014,12,635.0536774193549,-1.864668570063418
68,2014,11,636.8894,-1.7507873605519018
69,2014,10,630.2892258064517,-2.160236929932831
70,2014,9,628.853,-2.2493348871595145
71,2014,8,628.6099999999999,-2.264409677981982
72,2014,7,635.3087096774193,-1.8488473439592983
73,2014,6,639.7726666666666,-1.571920521517409
74,2014,5,636.128064516129,-1.7980177027950068
75,2014,4,638.699,-1.638526696056718
76,2014,3,641.8541935483871,-1.44279055306773
77,2014,2,642.7082142857143,-1.3898103721078354
78,2014,1,642.7751612903226,-1.3856572359322827
79,2013,12,639.8471935483872,-1.5672971587495583
80,2013,11,641.1495333333334,-1.4865049783469395
81,2013,10,638.4454516129033,-1.6542558684799904
82,2013,9,634.7113333333333,-1.8859062881131448
83,2013,8,634.2596774193548,-1.9139252939853841
84,2013,7,641.1787096774194,-1.4846949895236403
85,2013,6,651.6586666666665,-0.8345585309173938
86,2013,5,649.1764516129034,-0.9885456614188312
87,2013,4,647.423,-1.097323094677394
88,2013,3,648.2867741935482,-1.0437378465885787
89,2013,2,652.8414285714285,-0.7611845049623855
90,2013,1,654.2625806451613,-0.6730216644750115
91,2012,12,651.0609471290323,-0.8716387654866713
92,2012,11,648.3528929999999,-1.0396360886598153
93,2012,10,647.3426800645162,-1.102305836349376
94,2012,9,644.0683333333333,-1.3054337871839503
95,2012,8,640.9529032258065,-1.4987031583484456
96,2012,7,645.8219354838709,-1.1966470151461823
97,2012,6,646.527,-1.152907508574213
98,2012,5,655.7870967741936,-0.5784465132378304
99,2012,4,657.4793333333333,-0.4734666278421223
100,2012,3,664.1783870967743,-0.057882948038371074
101,2012,2,662.2817241379311,-0.1755446655909497
102,2012,1,653.7670967741936,-0.7037595892105744
103,2011,12,652.4046129032257,-0.7882828787324777
104,2011,11,648.2756666666667,-1.0444269150836183
105,2011,10,649.4445161290323,-0.9719159638568221
106,2011,9,643.265,-1.3552695154173326
107,2011,8,642.0606451612905,-1.4299830844279
108,2011,7,643.8309677419355,-1.320159040841446
109,2011,6,643.6906666666666,-1.3288627830712623
110,2011,5,652.9012903225806,-0.7574709108188298
111,2011,4,658.8513333333334,-0.3883529940626098
112,2011,3,665.7470967741937,0.03943380195451931
113,2011,2,671.3703571428572,0.38827937313910293
114,2011,1,673.046129032258,0.49223785338141857
115,2010,12,671.9329032258065,0.42317758107514203
116,2010,11,674.778,0.5996765059337178
117,2010,10,676.9038709677419,0.7315574119183181
118,2010,9,678.4656666666667,0.828445245122908
119,2010,8,668.798064516129,0.22870417444735888
120,2010,7,675.0196774193548,0.6146692489102056
121,2010,6,676.0490000000001,0.6785244859145931
122,2010,5,679.6403225806453,0.9013164064051987
123,2010,4,679.3493333333333,0.8832645461796287
124,2010,3,679.9277419354838,0.9191468041521899
125,2010,2,680.8871428571429,0.9786643687978239
126,2010,1,672.490322580645,0.4577577464026475
127,2009,12,670.3983870967742,0.32798206807572
128,2009,11,668.9390000000001,0.23744727296101903
129,2009,10,662.9090322580645,-0.1366288685035243
130,2009,9,650.5013333333334,-0.9063550655341073
131,2009,8,643.7951612903225,-1.32238033618367
132,2009,7,643.6025806451612,-1.334327303024256
133,2009,6,648.2120000000001,-1.0483765516365482
134,2009,5,655.2264516129032,-0.613226795262847
135,2009,4,661.4373333333333,-0.22792744234701262
136,2009,3,665.3212903225805,0.01301839788487093
137,2009,2,666.0950000000001,0.061016387779593596
138,2009,1,669.4832258064517,0.27120896099577435
139,2008,12,669.4437128709677,0.2687577295669546
140,2008,11,667.8514368666667,0.169979014766684
141,2008,10,668.2663298387096,0.19571738829448604
142,2008,9,672.2496666666666,0.44282837371370054
143,2008,8,671.0106451612904,0.3659642172606959
144,2008,7,667.5167741935484,0.14921782220147375
145,2008,6,660.9226666666667,-0.25985539437702715
146,2008,5,673.5103225806452,0.5210346461512673
147,2008,4,680.8543333333332,0.9766289913969389
148,2008,3,684.0890322580644,1.1772973439235728
149,2008,2,685.5255172413792,1.2664113794918088
150,2008,1,688.6412903225807,1.4597020274316292
151,2007,12,690.5661290322581,1.579111660828204
152,2007,11,691.5999999999999,1.6432490623760472
153,2007,10,693.678064516129,1.7721642389037444
154,2007,9,698.7126666666667,2.084491705132891
155,2007,8,698.588064516129,2.076761864164227
156,2007,7,692.1264516129032,1.6759081074075952
157,2007,6,679.0039999999998,0.8618413866568824
158,2007,5,678.5264516129032,0.8322161107594087
159,2007,4,677.3,0.7561317423709728
160,2007,3,668.8809677419355,0.23384717357303925
161,2007,2,668.4032142857142,0.2042091759712064
162,2007,1,669.4325806451612,0.2680671288450571
163,2006,12,664.5051935483871,-0.037609125414935725
164,2006,11,663.7011666666666,-0.08748787873828497
165,2006,10,659.9794516129033,-0.31836884966954837
166,2006,9,657.2253333333334,-0.48922381660304576
167,2006,8,649.0909677419355,-0.9938487539025161
168,2006,7,652.6412903225806,-0.7736003166371034
169,2006,6,654.6476666666666,-0.6491324001834564
170,2006,5,663.8525806451612,-0.07809473448559787
171,2006,4,666.5660000000001,0.09023542678115964
172,2006,3,670.4022580645163,0.32822220811273056
173,2006,2,674.6753571428571,0.5933089355598536
174,2006,1,676.7044827586205,0.7191881298402512
175,2005,12,678.8423870967741,0.8518155401122819
176,2005,11,678.1835666666667,0.8109448398100797
177,2005,10,677.9770967741937,0.7981362371756457
178,2005,9,678.9110000000001,0.8560720222680547
179,2005,8,679.7645161290322,0.9090208992588338
180,2005,7,678.9435483870968,0.8580911997458011
181,2005,6,685.4860000000001,1.2639598809417205
182,2005,5,689.47,1.5111120070186548
183,2005,4,694.1823333333334,1.803447148112173
184,2005,3,698.7664516129033,2.087828317535833
185,2005,2,697.1907142857142,1.9900755990233865
186,2005,1,696.0661290322581,1.920310630060926
187,2004,12,699.4396774193548,2.1295926723034886
188,2004,11,695.1833333333333,1.8655453605125198
189,2004,10,687.416129032258,1.383697705722185
190,2004,9,684.7193333333336,1.216398812503228
191,2004,8,684.4674193548389,1.2007710325400078
192,2004,7,689.0141935483873,1.4828355176623125
193,2004,6,683.7886666666666,1.1586638111639505
194,2004,5,686.1212903225806,1.3033708633468124
195,2004,4,684.6886666666667,1.214496369765674
196,2004,3,681.7161290322582,1.030091501244648
197,2004,2,680.8910344827586,0.9789057903703228
198,2004,1,679.9335483870967,0.9195070142076844
199,2003,12,680.0660543225808,0.9277271757721206
200,2003,11,681.8310588,1.0372213045696794
201,2003,10,683.3118709677418,1.1290852291625453
202,2003,9,681.9869999999997,1.0468953003334627
203,2003,8,679.0338709677418,0.8636944672757104
204,2003,7,682.3590322580646,1.0699747590558386
205,2003,6,678.3046666666665,0.8184574207508122
206,2003,5,678.0716129032259,0.8039996564123083
207,2003,4,688.0973333333332,1.425957015788318
208,2003,3,692.6190322580646,1.7064659271154248
209,2003,2,693.0028571428571,1.7302769553076185
210,2003,1,693.876129032258,1.7844514041300683
211,2002,12,694.9532258064515,1.8512703694243853
212,2002,11,696.2636666666665,1.9325651095599823
213,2002,10,690.1509677419357,1.5533566418603242
214,2002,9,686.3089999999999,1.3150156539741653
215,2002,8,683.5203225806453,1.1420167701548278
216,2002,7,686.2674193548386,1.3124361497434274
217,2002,6,656.4776666666666,-0.5356061976933008
218,2002,5,667.7245161290325,0.16210533752030978
219,2002,4,677.4179999999999,0.7634520111654165
220,2002,3,677.2125806451612,0.7507085798687967
221,2002,2,680.5435714285713,0.9573505111093845
222,2002,1,683.3274193548386,1.130049791644485
223,2001,12,684.5429032258066,1.2054537632614453
224,2001,11,678.6313333333333,0.8387225716506979
225,2001,10,675.6483870967742,0.6536719932524091
226,2001,9,675.0516666666666,0.6166537394937176
227,2001,8,655.4348387096775,-0.6002992566045255
228,2001,7,662.1080645161289,-0.18631784449208263
229,2001,6,667.2506666666666,0.13270952876926687
230,2001,5,679.7600000000001,0.908740735882345
231,2001,4,680.3763333333334,0.9469756991618142
232,2001,3,681.2087096774193,0.9986131447283253
233,2001,2,680.2567857142857,0.9395594219993961
234,2001,1,678.5267741935485,0.8322361224291654
235,2000,12,676.246129032258,0.6907536172986344
236,2000,11,671.559,0.39998205466823616
237,2000,10,651.1293548387097,-0.8673950127540392
238,2000,9,640.7379999999999,-1.5120349327357152
239,2000,8,640.2625806451614,-1.5415281316128422
240,2000,7,645.6667741935485,-1.2062726282957887
241,2000,6,653.511,-0.719646853824885
242,2000,5,651.21,-0.8623920953166068
243,2000,4,657.321,-0.4832890224109412
244,2000,3,660.4087096774193,-0.29173932073360215
245,2000,2,663.5137931034482,-0.09911181812584771
246,2000,1,664.3377419354838,-0.0479971831820185
247,1999,12,663.6493548387097,-0.0907020864279169
248,1999,11,662.7356666666667,-0.14738380688267788
249,1999,10,660.082258064516,-0.3119911305203213
250,1999,9,661.0706666666667,-0.25067404029585416
251,1999,8,664.0887096774194,-0.06344619222879516
252,1999,7,673.233870967742,0.5038846451757589
253,1999,6,666.305,0.07404398478664932
254,1999,5,673.7161290322581,0.533802091451591
255,1999,4,677.8030000000001,0.7873359390117206
256,1999,3,677.7325806451613,0.7829673915053509
257,1999,2,679.2567857142857,0.8775232457752649
258,1999,1,684.816129032258,1.2224036475394424
259,1998,12,687.215483870968,1.3712504471378777
260,1998,11,688.285,1.4375991381930555
261,1998,10,673.7032258064517,0.533001624661603
262,1998,9,662.5266666666666,-0.16034936771352504
263,1998,8,652.3096774193549,-0.7941723131398106
264,1998,7,644.7612903225806,-1.2624453852832573
265,1998,6,645.7033333333334,-1.2040046390574892
266,1998,5,655.9232258064516,-0.5700015886034563
267,1998,4,674.67,0.5929765989015079
268,1998,3,679.2129032258065,0.874800943986816
269,1998,2,675.4142857142858,0.6391492386340493
270,1998,1,672.9580645161292,0.48677466753975707
271,1997,12,670.4193548387096,0.32928282660945063
272,1997,11,668.4399999999999,0.206491221025169
273,1997,10,666.2,0.06753018628312146
274,1997,9,661.4533333333333,-0.22693486352742884
275,1997,8,663.3516129032259,-0.10917285760689849
276,1997,7,671.8225806451613,0.41633359002073705
277,1997,6,668.5089999999999,0.21077171718463159
278,1997,5,662.9870967741934,-0.13178604442409653
279,1997,4,662.16,-0.18309596566237363
280,1997,3,656.4193548387094,-0.5392236405284012
281,1997,2,651.4392857142858,-0.8481680863394991
282,1997,1,650.667741935484,-0.8960317121658833
283,1996,12,649.6899999999999,-0.9566870831772922
284,1996,11,645.1526666666665,-1.2381658934315902
285,1996,10,643.6770967741937,-1.3297046073120538
286,1996,9,642.9733333333334,-1.3733634001493686
287,1996,8,632.7587096774193,-2.00703959333083
288,1996,7,631.2400000000001,-2.1012545345125027
289,1996,6,631.9536666666667,-2.056981383413889
290,1996,5,639.3977419354837,-1.5951794182118555
291,1996,4,649.7916666666666,-0.9503800719278375
292,1996,3,653.311935483871,-0.7319960552274315
293,1996,2,654.2837931034484,-0.6717057246745662
294,1996,1,662.3048387096774,-0.17411072594475058
295,1995,12,663.4806451612903,-0.10116818970701787
296,1995,11,662.0586666666666,-0.1893822981864231
297,1995,10,658.3838709677419,-0.4173525717525917
298,1995,9,655.3406666666666,-0.6061413300601345
299,1995,8,654.1770967741936,-0.6783247569586826
300,1995,7,662.6470967741936,-0.15287834434028902
301,1995,6,665.6686666666666,0.034568297982691606
302,1995,5,661.4129032258065,-0.2294429928027177
303,1995,4,670.985,0.36437328951558756
304,1995,3,672.0354838709676,0.4295412920555401
305,1995,2,672.0821428571428,0.43243583714434425
306,1995,1,675.4806451612903,0.6432659249825573
307,1994,12,674.1177419354838,0.5587166202899836
308,1994,11,674.4406666666667,0.5787496358207811
309,1994,10,670.2374193548386,0.31799624487060485
310,1994,9,663.2226666666668,-0.11717218906152099
311,1994,8,655.2467741935484,-0.6119660600686158
312,1994,7,656.7593548387097,-0.5181313406121805
313,1994,6,665.7170000000001,0.03756671316686933
314,1994,5,676.5709677419354,0.710905368736605
315,1994,4,673.4383333333333,0.5165687085187852
316,1994,3,675.7303225806452,0.6587549573688404
317,1994,2,675.3271428571427,0.6337432289916435
318,1994,1,676.2893548387096,0.6934351810451014
319,1993,12,677.5670967741937,0.7727014049237539
320,1993,11,677.93,0.7952145333921753
321,1993,10,674.6733333333335,0.5931833861556023
322,1993,9,673.5133333333334,0.5212214217356049
323,1993,8,673.8387096774194,0.5414065259564846
324,1993,7,684.4161290322579,1.1975891770497842
325,1993,6,688.8299999999999,1.4714088542352046
326,1993,5,690.174193548387,1.5547974820822885
327,1993,4,688.0066666666667,1.4203324024773407
328,1993,3,690.1903225806453,1.5557980655697878
329,1993,2,691.0214285714285,1.607356703274943
330,1993,1,691.2741935483871,1.6230372759288343
331,1992,12,691.7748387096773,1.6540953873803923
332,1992,11,689.8853333333333,1.5368776988770723
333,1992,10,686.8467741935485,1.3483771086139407
334,1992,9,688.6370000000001,1.4594358722239553
335,1992,8,691.0938709677421,1.6118507525387513
336,1992,7,692.7906451612905,1.7171121354222803
337,1992,6,700.1850000000001,2.1758296352602233
338,1992,5,695.2912903225806,1.8722425993220937
339,1992,4,695.8893333333333,1.9093429009267575
340,1992,3,696.3687096774192,1.9390815762861533
341,1992,2,692.6737931034485,1.7098630805698392
342,1992,1,682.3990322580644,1.0724562061047875
343,1991,12,664.2167741935483,-0.05550155933816364
344,1991,11,650.9079999999999,-0.8811270205363028
345,1991,10,648.1441935483871,-1.0525830046179467
346,1991,9,648.6533333333334,-1.0209979191962992
347,1991,8,643.0174193548388,-1.3706284719502357
348,1991,7,652.6774193548388,-0.7713590096251297
349,1991,6,650.9566666666666,-0.8781079266267269
350,1991,5,664.985806451613,-0.0077937386548186955
351,1991,4,662.668,-0.1515815881405126
352,1991,3,656.9819354838708,-0.5043232884848864
353,1991,2,660.4239285714286,-0.2907951987429043
354,1991,1,655.4668965517241,-0.5983105106659584
355,1990,12,652.073870967742,-0.8088008437268566
356,1990,11,652.2793333333334,-0.7960547442076007
357,1990,10,648.0338709677419,-1.0594269956723517
358,1990,9,645.0503333333331,-1.2445142621318623
359,1990,8,642.9932258064516,-1.3721293471814704
360,1990,7,636.2648387096774,-1.7895327548211264
361,1990,6,629.6307407407407,-2.2010868255102323
362,1990,5,651.2551612903227,-0.8595904615516414
363,1990,4,652.444,-0.7858394538560335
364,1990,3,650.2529032258064,-0.9217667194640277
365,1990,2,643.2232142857141,-1.3578617413524228
366,1990,1,644.9080645161291,-1.2533400755471291
367,1989,12,644.0816129032257,-1.304609973445921
368,1989,11,642.1223333333332,-1.4261561861161114
369,1989,10,634.0903225806452,-1.9244314206039845
370,1989,9,630.7753333333333,-2.1300806777313275
371,1989,8,629.5090322580644,-2.208637154389514
372,1989,7,630.5638709677419,-2.1431989943079266
373,1989,6,634.2899999999998,-1.9120441970289193
374,1989,5,644.4332258064518,-1.2827972534187109
375,1989,4,656.7220000000001,-0.5204486919691916
376,1989,3,660.2645161290321,-0.3006845371117329
377,1989,2,662.8185714285713,-0.14224071246334355
378,1989,1,660.8425806451612,-0.26482362492023237
379,1988,12,659.8219354838708,-0.32814054800835163
380,1988,11,658.1916666666665,-0.42927619164514336
381,1988,10,656.3606451612903,-0.5428657644228327
382,1988,9,654.4069999999998,-0.664062439928073
383,1988,8,655.8287096774193,-0.5758650078401258
384,1988,7,655.6567741935484,-0.5865312278167238
385,1988,6,655.553,-0.5929689819752071
386,1988,5,662.5167741935484,-0.16096305891918256
387,1988,4,673.86,0.542727296159965
388,1988,3,678.4487096774193,0.8273932983497235
389,1988,2,680.9693103448276,0.9837617255437279
390,1988,1,683.7177419354839,1.1542639120416522
391,1987,12,684.1496774193547,1.1810595378365167
392,1987,11,683.0859999999999,1.1150730580037929
393,1987,10,682.051935483871,1.0509236494541017
394,1987,9,682.8089655172414,1.0978868980112257
395,1987,8,681.0067741935485,0.9860858394650122
396,1987,7,688.6045161290323,1.4574206970801562
397,1987,6,695.3666666666667,1.8769186594869476
398,1987,5,679.4248387096775,0.887948611012384
399,1987,4,680.5686666666667,0.9589073237222531
400,1987,3,685.5145161290321,1.2657289125475815
401,1987,2,683.4775,1.1393602209955442
402,1987,1,684.8780645161291,1.2262458881313991
403,1986,12,679.0009677419354,0.8616532769612408
404,1986,11,675.2453333333334,0.6286680789557985
405,1986,10,669.0041935483871,0.2414916314174323
406,1986,9,659.9283333333334,-0.32154003226922057
407,1986,8,653.0793548387095,-0.7464244691169944
408,1986,7,665.3816129032256,0.01676058012806512
409,1986,6,676.0799999999999,0.680447607377531
410,1986,5,655.7241935483871,-0.5823487888390292
411,1986,4,657.2896666666669,-0.4852328225992843
412,1986,3,666.3406451612901,0.07625527429398428
413,1986,2,672.4264285714287,0.45379400638723455
414,1986,1,672.6835483870968,0.4697447365827399
415,1985,12,673.8941935483871,0.5448485331534333
416,1985,11,669.6803571428571,0.28343823532031776
417,1985,10,661.9696774193549,-0.19490285081470463
418,1985,9,650.8806666666668,-0.8828226760197481
419,1985,8,648.6022580645161,-1.0241664335733422
420,1985,7,663.0403225806451,-0.12848411891538872
421,1985,6,657.856,-0.45009966813103297
422,1985,5,657.0309677419356,-0.5012815146829106
423,1985,4,662.3766666666668,-0.16965479414713627
424,1985,3,662.083870967742,-0.18781871972330322
425,1985,2,653.8921428571429,-0.6960022083725997
426,1985,1,651.467741935484,-0.846402771186574
427,1984,12,646.183870967742,-1.1741939216869888
428,1984,11,643.3236666666667,-1.3516300597455162
429,1984,10,637.5132258064515,-1.712087592889718
430,1984,9,626.8233333333333,-2.375247646169094
431,1984,8,625.2616129032258,-2.4721308099840673
432,1984,7,624.2161290322581,-2.5369886316429064
433,1984,6,628.3556666666667,-2.2801875454683103
434,1984,5,631.4906451612903,-2.0857054671169775
435,1984,4,640.0333333333333,-1.555749758248318
436,1984,3,651.2164516129035,-0.8619918619215986
437,1984,2,655.7596551724138,-0.5801488852817179
438,1984,1,655.8254838709677,-0.5760651245376229
439,1983,12,656.1525806451613,-0.5557732914114043
440,1983,11,655.7036666666665,-0.5836221980907784
441,1983,10,652.6296774193548,-0.7743207367480925
442,1983,9,647.9656666666667,-1.0636581297130956
443,1983,8,649.5387096774192,-0.9660725562899163
444,1983,7,650.5920689655173,-0.9007261738661348
445,1983,6,655.9533333333331,-0.5681338327601578
446,1983,5,655.9596774193549,-0.567740269921733
447,1983,4,663.5776666666668,-0.09514934650195327
448,1983,3,666.3129032258063,0.07453427069550995
449,1983,2,666.7875,0.10397643981479716
450,1983,1,666.5951612903225,0.09204448172651998
451,1982,12,665.3748387096775,0.016340335063342547
452,1982,11,661.9043333333333,-0.1989565480503443
453,1982,10,657.3429032258065,-0.48193023003493507
454,1982,9,650.8810000000001,-0.8828019972943428
455,1982,8,651.0506451612903,-0.8722778601729734
456,1982,7,657.6990322580646,-0.45983734663124337
457,1982,6,668.5409999999998,0.21275687482379915
458,1982,5,677.2564516129033,0.7534301669547702
459,1982,4,670.7566666666667,0.3502083626110764
460,1982,3,673.6490322580647,0.5296396641436601
461,1982,2,674.0442857142856,0.554159677206975
462,1982,1,677.2796774193548,0.7548710071767416
463,1981,12,679.4638709677417,0.8903700230520838
464,1981,11,680.7526666666666,0.9703219801474913
465,1981,10,677.3354838709677,0.75833302604344
466,1981,9,675.5440000000001,0.6471962169214072
467,1981,8,673.5696774193549,0.5247167933852195
468,1981,7,680.9896774193548,0.9850252209682708
469,1981,6,680.047,0.9265451184586658
470,1981,5,667.6993548387097,0.16054442727981894
471,1981,4,667.7066666666668,0.1609980251274859
472,1981,3,670.4089285714286,0.3286360208550472
473,1981,2,669.8432142857142,0.29354126973395883
474,1981,1,669.24,0.25612016200447824
475,1980,12,668.7916129032259,0.22830394105237192
476,1980,11,664.5583333333333,-0.034312536351500146
477,1980,10,661.0060714285713,-0.25468128186958144
478,1980,9,656.3276666666666,-0.5449116241269191
479,1980,8,648.9845161290323,-1.0004526049199247
480,1980,7,642.4932258064515,-1.4031474352935431
481,1980,6,652.4581818181819,-0.7849596680841228
482,1980,5,669.5407692307691,0.2747787350072669
483,1980,4,667.083,0.12230812988902467
484,1980,3,671.7370967741937,0.4110304975370661
485,1980,2,676.1637931034483,0.6856458111094184
486,1980,1,678.863870967742,0.8531483173176176
487,1979,12,679.0254838709677,0.8631741638622252
488,1979,11,677.8726666666666,0.7916577926219935
489,1979,10,676.757741935484,0.7224921255217034
490,1979,9,679.3113333333333,0.880907171483111
491,1979,8,681.9306451612904,1.0433992616282068
492,1979,7,682.0977419354839,1.0537653065585593
493,1979,6,685.9983333333332,1.2957430818938704
494,1979,5,686.9316129032258,1.353640177758105
495,1979,4,688.0316666666669,1.4218833068829566
496,1979,3,684.4158064516128,1.1975691653800344
497,1979,2,684.517142857143,1.2038556884914273
498,1979,1,682.0658064516128,1.0517841512533317
499,1978,12,679.4445161290322,0.8891693228671087
500,1978,11,677.0470000000001,0.7404365897862791
501,1978,10,674.4268,0.577889400843799
502,1978,9,673.8443333333336,0.5417553960658005
503,1978,8,664.3006451612904,-0.050298525203227126
504,1978,7,653.448,-0.7235551329270046
505,1978,6,665.3800000000002,0.016660521779344822
506,1978,5,669.9416129032255,0.29964554371010027
507,1978,4,676.3926666666666,0.6998442518102781
508,1978,3,678.2303225806452,0.8138453979291685
509,1978,2,680.1696428571429,0.9341534123570114
510,1978,1,682.7590322580644,1.0947892295454755
511,1977,12,684.4293548387097,1.198409655509536
512,1977,11,685.7063333333332,1.2776285184364222
513,1977,10,679.5316129032258,0.8945724736995352
514,1977,9,678.9066666666665,0.8558031988377377
515,1977,8,677.2323333333334,0.7519339611131451
516,1977,7,682.441724137931,1.0751046470875345
517,1977,6,685.937,1.2919381964187981
518,1977,5,693.8135483870968,1.7805691401986332
519,1977,4,692.0103333333333,1.6687045733533512
520,1977,3,691.4083870967744,1.6313621305447314
521,1977,2,693.9314285714285,1.787881976087163
522,1977,1,692.487741935484,1.6983211775272893
523,1976,12,692.5299999999999,1.700942706264486
524,1976,11,691.9713333333332,1.6662851624806039
525,1976,10,684.3790322580645,1.1952878350285756
526,1976,9,676.6943333333334,0.7185584983045619
527,1976,8,674.0067741935485,0.5518326058960933
528,1976,7,677.2251612903226,0.7514890349890421
529,1976,6,676.2713793103447,0.6923200479997346
530,1976,5,681.8609677419356,1.0390767409622712
531,1976,4,672.0916666666666,0.4330266578702868
532,1976,3,667.2045161290322,0.1298465258837415
533,1976,2,668.2896551724139,0.19716440280665218
534,1976,1,674.9703225806451,0.6116074634384941
535,1975,12,675.477741935484,0.6430858199548171
536,1975,11,675.5513333333333,0.647651148880378
537,1975,10,673.3364516129033,0.5102483561561711
538,1975,9,675.3336666666667,0.634147941188925
539,1975,8,675.7106451612902,0.6575342455141016
540,1975,7,679.081935483871,0.8666762060684301
541,1975,6,681.8526666666666,1.03856177399403
542,1975,5,683.5932258064518,1.1465394075182673
543,1975,4,681.0483333333335,0.988664009584439
544,1975,3,683.2590322580645,1.1258073176575483
545,1975,2,685.9935714285713,1.2954476715308956
546,1975,1,682.0616129032256,1.0515239995465786
547,1974,12,682.683870967742,1.0901265104938023
548,1974,11,681.664,1.0268576154130837
549,1974,10,678.3738709677418,0.8227505909677858
550,1974,9,679.124,0.8692857278037925
551,1974,8,669.6306451612904,0.28035429407139506
552,1974,7,665.4274193548387,0.01960223723253685
553,1974,6,671.1926666666669,0.3772561354448139
554,1974,5,679.1209677419354,0.8690976181081369
555,1974,4,677.5133333333331,0.7693661266321088
556,1974,3,681.2135483870968,0.9989133197745779
557,1974,2,685.1057142857143,1.2403684093547651
558,1974,1,688.2212903225804,1.4336468334174755
559,1973,12,690.2225806451612,1.5577992325447438
560,1973,11,693.0976666666667,1.7361585756343934
561,1973,10,694.0370967741935,1.7944372273351834
562,1973,9,684.8860000000001,1.2267381752072404
563,1973,8,682.8025806451612,1.0974908049616925
564,1973,7,685.1025806451613,1.2401740102771985
565,1973,6,674.6843333333331,0.5938657840940446
566,1973,5,678.0603225806451,0.8032992479710618
567,1973,4,678.523,0.8320019858930897
568,1973,3,675.1803225806451,0.6246350604455639
569,1973,2,674.0757142857141,0.5561093856025848
570,1973,1,672.6503225806451,0.4676835345985136
571,1972,12,672.4935483870968,0.4579578631001516
572,1972,11,671.3726666666666,0.38842264716514036
573,1972,10,667.43,0.14383468303879698
574,1972,9,665.3466666666666,0.01459264923852117
575,1972,8,666.647741935484,0.09530638389573544
576,1972,7,664.7593548387097,-0.02184193081913035
577,1972,6,670.5056666666667,0.3346372823788209
578,1972,5,672.2145161290321,0.4406477687666315
579,1972,4,655.7549999999999,-0.5804376743779397
580,1972,3,664.7125806451612,-0.024743622932844128
581,1972,2,671.4779310344827,0.39495284603709935
582,1972,1,673.2912903225805,0.5074467223911988
583,1971,12,673.3154838709677,0.5089475976224335
584,1971,11,668.4716666666668,0.20845569993894547
585,1971,10,662.7887096774194,-0.14409322132016297
586,1971,9,654.3426666666668,-0.6680534339318063
587,1971,8,649.3561290322581,-0.9773991613682474
588,1971,7,634.2454838709679,-1.914805807454364
589,1971,6,633.0673333333332,-1.9878937618256238
590,1971,5,638.488064516129,-1.6516123269060563
591,1971,4,643.5046666666666,-1.340401511848953
592,1971,3,649.1670967741935,-0.9891259998415867
593,1971,2,653.5550000000001,-0.7169172620710172
594,1971,1,659.4012903225805,-0.3542357653619836
595,2070,12,662.5470967741934,-0.15908196196271765
596,2070,11,663.0979999999998,-0.1249060323641463
597,2070,10,663.3609677419355,-0.1085925191841642
598,2070,9,656.0113333333335,-0.5645357345391375
599,2070,8,656.0406451612904,-0.5627173408145508
600,2070,7,660.2116129032257,-0.3039664509506839
601,2070,6,670.6970000000001,0.34650687076304415
602,2070,5,669.566129032258,0.27635196012144064
603,2070,4,672.9363333333333,0.4854265480542742
604,2070,3,674.7348387096774,0.5969989445212049
605,2070,2,670.844642857143,0.3556660690669917
606,2070,1,669.8441935483871,0.2936020194457045
607,2069,12,669.5116129032257,0.272969987933734
608,2069,11,665.1093333333334,-0.00013060325199400164
609,2069,10,661.4935483870967,-0.2244400753652994
610,2069,9,657.4096666666667,-0.4777884814524023
611,2069,8,647.4758064516128,-1.0940471843393706
612,2069,7,653.3583870967741,-0.7291143747834815
613,2069,6,664.911,-0.012434444869790003
614,2069,5,673.4151612903227,0.5151312035751053
615,2069,4,669.4786666666666,0.2709261293966354
616,2069,3,670.9312903225807,0.3610413465022623
617,2069,2,670.1767857142859,0.3142347656601646
618,2069,1,669.7241935483869,0.2861576782987944
619,2068,12,669.9558064516128,0.30052605717910125
620,2068,11,667.4083333333335,0.14249056588728948
621,2068,10,666.6070967741936,0.09278491350726599
622,2068,9,665.404,0.018149390008709926
623,2068,8,659.601935483871,-0.3417885067776481
624,2068,7,669.5780645161291,0.27709239190218665
625,2068,6,671.5746666666668,0.4009539547624218
626,2068,5,676.3177419354837,0.6951962079830681
627,2068,4,675.4660000000001,0.6423573951759265
628,2068,3,677.0845161290323,0.7427639469781652
629,2068,2,676.9251724137931,0.73287887217938
630,2068,1,666.1909677419353,0.06696985953011571
631,2067,12,658.853870967742,-0.3881955689272483
632,2067,11,656.2143333333332,-0.5519423907656545
633,2067,10,650.8035483870965,-0.8876067992012731
634,2067,9,643.8153333333335,-1.321128939768644
635,2067,8,629.3909677419357,-2.2159614255178908
636,2067,7,630.5745161290323,-2.1425386092061793
637,2067,6,630.6863333333333,-2.1356018974152717
638,2067,5,638.9748275862071,-1.6214154073112959
639,2067,4,646.2778947368421,-1.1683610465778387
640,2067,3,647.9576666666667,-1.0641544191228909
641,2067,2,652.7268750000001,-0.768290970506626
642,2067,1,655.6258064516129,-0.5884523481126952
643,2066,12,656.4619354838711,-0.5365821001214124
644,2066,11,656.4848275862068,-0.5351619616267721
645,2066,10,657.8603225806453,-0.4498315117563785
646,2066,9,656.546,-0.5313670589846415
647,2066,8,648.5209677419356,-1.029209374350267
648,2066,7,649.488064516129,-0.9692143884406124
649,2066,6,657.5480000000001,-0.4692068104080579
650,2066,5,665.8796774193548,0.04765859822164665
651,2066,4,662.8880000000001,-0.13793362937119497
652,2066,3,666.7951612903225,0.10445171697134904
653,2066,2,667.2078571428573,0.1300537896061622
654,2066,1,667.7093548387096,0.16116478904205264
655,2065,12,667.4648387096776,0.14599594337177885
656,2065,11,659.4283333333333,-0.35255812038129325
657,2065,10,657.0203225806453,-0.5019418997846508
658,2065,9,648.1973333333333,-1.0492864155545112
659,2065,8,650.5538709677419,-0.903095831587542
660,2065,7,656.7783870967743,-0.516950652096941
661,2065,6,670.0419999999999,0.30587317533622577
662,2065,5,668.7870967741935,0.22802377767586904
663,2065,4,663.5993333333332,-0.09380522935044575
664,2065,3,661.7583870967742,-0.20801049450077325
665,2065,2,659.7557142857142,-0.3322486579269639
666,2065,1,652.7696774193547,-0.7656356720767221
667,2064,12,652.8819354838711,-0.7586716110038048
668,2064,11,652.5096666666667,-0.7817657449506441
669,2064,10,645.2903225806451,-1.2296262468937187
670,2064,9,639.4716666666667,-1.5905934105608681
671,2064,8,636.6296774193548,-1.7668995563341927
672,2064,7,639.6158064516128,-1.5816515294610431
673,2064,6,647.3336666666668,-1.1028649930867434
674,2064,5,647.12,-1.1161200560733056
675,2064,4,652.6399999999999,-0.7736803633161092
676,2064,3,655.0683870967741,-0.6230325134402148
677,2064,2,656.3834482758622,-0.5414511463887948
678,2064,1,652.5077419354841,-0.7818851479134727
679,2063,12,652.3312903225807,-0.7928315312665807
680,2063,11,650.4376666666667,-0.9103047020870443
681,2063,10,643.931935483871,-1.3138953882097824
682,2063,9,640.6610000000001,-1.516811718304966
683,2063,8,637.4706451612902,-1.7147291332966785
684,2063,7,644.742857142857,-1.2635889092689627
685,2063,6,648.1376666666667,-1.0529879074025434
686,2063,5,655.3877419354839,-0.6032209603879891
687,2063,4,659.0023333333334,-0.37898553145276886
688,2063,3,661.9948387096774,-0.1933419405742279
689,2063,2,662.8392857142857,-0.14095567738441123
690,2063,1,663.8309677419355,-0.07943551635882082
691,2062,12,665.1632258064516,0.0032126797075171637
692,2062,11,660.2496666666666,-0.3016057409758746
693,2062,10,657.4235483870968,-0.4769273125975026
694,2062,9,656.1646666666667,-0.555023520851446
695,2062,8,649.1209677419355,-0.9919876686157939
696,2062,7,655.3790322580644,-0.603761275471238
697,2062,6,663.9623333333334,-0.07128609738107555
698,2062,5,666.9470967741937,0.11387721342347965
699,2062,4,670.5203333333334,0.33554714629677684
700,2062,3,670.990322580645,0.3647034820664506
701,2062,2,672.3977777777777,0.45201662070334186
702,2062,1,674.0377419354838,0.5537537261920575
703,2061,12,675.7009677419356,0.6569338954216246
704,2061,11,675.7570000000001,0.6604099224571449
705,2061,10,674.7380645161292,0.597199061218709
706,2061,9,671.3903333333334,0.3895186196117713
707,2061,8,672.9745161290323,0.4877952626969848
708,2061,7,674.2416129032257,0.566401101473876
709,2061,6,670.2556666666666,0.31912823832278103
710,2061,5,669.3554838709676,0.2632843397748714
711,2061,4,674.897,0.6070588109043912
712,2061,3,678.7690322580645,0.8472648864111983
713,2061,2,680.554642857143,0.9580373402033086
714,2061,1,679.5796774193548,0.8975542124922408
715,2060,12,678.4141935483871,0.8252520496865055
716,2060,11,677.48,0.7672982540913204
717,2060,10,669.938064516129,0.2994254153428677
718,2060,9,667.5003333333332,0.14819789409988743
719,2060,8,666.7387096774193,0.10094967476514423
720,2060,7,666.0087096774191,0.05566326612152022
721,2060,6,663.0310000000001,-0.12906245617114945
722,2060,5,672.5035483870968,0.4585782248623923
723,2060,4,673.4760000000001,0.5189054044899047
724,2060,3,674.7316129032258,0.596798827823708
725,2060,2,675.3914285714287,0.6377312688917857
726,2060,1,675.5558064516127,0.6479286440342307
727,2059,12,674.6709677419356,0.593036633910764
728,2059,11,673.7526666666666,0.5360687465785725
729,2059,10,671.8503225806451,0.41805459361920433
730,2059,9,665.882,0.047802682243841675
731,2059,8,664.6267741935485,-0.03006672708625769
732,2059,7,666.9674193548389,0.11513794861771084
733,2059,6,667.2106666666666,0.13022808172030387
734,2059,5,674.3538709677418,0.5733651625467792
735,2059,4,675.0976666666667,0.6195074036000306
736,2059,3,675.979677419355,0.6742239780853808
737,2059,2,677.030357142857,0.7394041305676768
738,2059,1,677.025,0.7390717939093382
739,2058,12,678.0003225806452,0.7995770773976172
740,2058,11,679.1209999999999,0.8690996192751105
741,2058,10,674.434193548387,0.578348068314462
742,2058,9,662.5046666666665,-0.16171416359046598
743,2058,8,653.8754838709677,-0.6970356681746747
744,2058,7,661.3190322580645,-0.23526638869989497
745,2058,6,662.2851851851852,-0.1753299554535695
746,2058,5,670.1632258064517,0.31339356082818054
747,2058,4,667.6203333333334,0.15564223524679757
748,2058,3,669.9945161290321,0.30292745754906547
749,2058,2,663.8007142857143,-0.08131232510034841
750,2058,1,658.5767741935484,-0.40538559324225604
751,2057,12,653.0525806451614,-0.7480854377062056
752,2057,11,650.6776666666667,-0.8954160197932522
753,2057,10,643.4938709677418,-1.3410712357299124
754,2057,9,633.3113333333332,-1.972756934826934
755,2057,8,627.5977419354841,-2.3272062976565806
756,2057,7,634.3477419354839,-1.9084621081437085
757,2057,6,647.984,-1.062520799815654
758,2057,5,641.9148387096774,-1.439028359154786
759,2057,4,632.8723333333334,-1.9999908161893185
760,2057,3,628.1419354838711,-2.2934466107888127
761,2057,2,626.0439285714285,-2.423598937328544
762,2057,1,626.306129032258,-2.4073330233344774
763,2056,12,625.2522580645161,-2.4727111484068085
764,2056,11,624.1983333333333,-2.538092608757439
765,2056,10,619.5532258064516,-2.8262573178751107
766,2056,9,618.3763333333335,-2.899267226734317
767,2056,8,615.3758064516128,-3.0854084411339855
768,2056,7,617.1841935483869,-2.97322302051706
769,2056,6,619.898,-2.8048688452466055
770,2056,5,623.5377419354838,-2.579073173126571
771,2056,4,624.9513333333335,-2.491379368060651
772,2056,3,627.8219354838709,-2.313298187180545
773,2056,2,631.1193103448276,-2.1087416592292167
774,2056,1,630.7493548387098,-2.131692284201827
775,2055,12,630.7038709677419,-2.134513929636549
776,2055,11,628.871724137931,-2.2481733132391803
777,2055,10,626.7041935483871,-2.3826386228633174
778,2055,9,626.3103333333333,-2.4070722045720685
779,2055,8,625.8490322580645,-2.4356895593698256
780,2055,7,627.0306451612903,-2.362386813076605
781,2055,6,629.8753333333334,-2.1859132363330374
782,2055,5,631.8522580645163,-2.063272385327534
783,2055,4,632.4366666666667,-2.0270179102976296
784,2055,3,635.9529032258065,-1.808884039469102
785,2055,2,637.9326923076923,-1.6860654950986254
786,2055,1,637.2867741935485,-1.7261357850540084
787,2054,12,636.0203448275862,-1.8047002203762583
788,2054,11,635.515,-1.83604988115435
789,2054,10,633.4306451612903,-1.9653552852421665
790,2054,9,629.1566666666669,-2.2304965683127715
791,2054,8,629.2680769230768,-2.223585102012948
792,2054,7,631.7777419354838,-2.067895081039729
793,2054,6,633.9606666666666,-1.9324747777320606
794,2054,5,637.9870967741934,-1.682690450027378
795,2054,4,637.9706666666665,-1.683709711073302
796,2054,3,640.1029032258065,-1.5514339081389585
797,2054,2,643.3585714285715,-1.3494647017849262
798,2054,1,645.5992857142858,-1.2104593554884278
799,2053,12,646.5895652173913,-1.149026201722629
800,2053,11,645.9736666666666,-1.1872341927515697
801,2053,10,644.0345161290321,-1.3075316772293843
802,2053,9,645.2149999999999,-1.234298971780281
803,2053,8,633.2874193548388,-1.974240466611034
804,2053,7,634.9077419354838,-1.8737218494581984
805,2053,6,635.7513333333335,-1.8213886648400364
806,2053,5,641.5880645161292,-1.459300180611241
807,2053,4,644.3059999999999,-1.2906898559680158
808,2053,3,645.9474193548388,-1.1888624756135342
809,2053,2,647.9614285714285,-1.0639210449361458
810,2053,1,650.1532258064517,-0.9279503254166854
811,2052,12,647.8438709677419,-1.07121386915494
812,2052,11,643.103,-1.3653193759656441
813,2052,10,641.8212903225806,-1.4448317433822067
814,2052,9,640.2513333333334,-1.5422258718314528
815,2052,8,635.1664516129031,-1.8576724903189308
816,2052,7,639.0867741935483,-1.614470667850582
817,2052,6,641.6170000000002,-1.4575051338346885
818,2052,5,643.0335483870966,-1.3696278884627648
819,2052,4,645.2026666666667,-1.2350640846203722
820,2052,3,644.6741935483872,-1.2678485361156768
821,2052,2,644.6131034482759,-1.2716383323317313
822,2052,1,645.4583870967742,-1.21920016695411
823,2051,12,646.2358064516129,-1.170972042857287
824,2051,11,645.8076666666667,-1.1975321980047717
825,2051,10,644.3474193548386,-1.2881203575721527
826,2051,9,643.5920000000002,-1.3349836857920279
827,2051,8,641.6135483870968,-1.4577192587010215
828,2051,7,645.3216129032259,-1.2276851149279906
829,2051,6,650.8983333333332,-0.8817267035731383
830,2051,5,651.3567741935482,-0.8532867855804995
831,2051,4,650.9206666666665,-0.8803412289707991
832,2051,3,652.5745161290324,-0.7777427322752845
833,2051,2,653.2503571428572,-0.7358161400421558
834,2051,1,654.3922580645161,-0.6649769732356245
835,2050,12,655.2829032258065,-0.6097247530566421
836,2050,11,655.4716666666667,-0.598014590974768
837,2050,10,655.8270967741933,-0.5759650661888885
838,2050,9,656.6366666666668,-0.5257424456736502
839,2050,8,655.7509677419354,-0.580687820249811
840,2050,7,657.711935483871,-0.4590368798412553
841,2050,6,661.3199999999998,-0.23520635369065293
842,2050,5,662.1180645161289,-0.1856974827298419
843,2050,4,662.2236666666666,-0.17914632910943665
844,2050,3,663.5409677419358,-0.09742600746380252
845,2050,2,664.5121428571429,-0.03717801687232545
846,2050,1,663.4793548387098,-0.10124823638600962
847,2049,12,663.8609677419355,-0.07757443107209856
848,2049,11,664.6203333333334,-0.03046629342559622
849,2049,10,661.0961290322581,-0.2490944524969458
850,2049,9,659.4716666666666,-0.34986988607825
851,2049,8,661.8374193548387,-0.20310763541208932
852,2049,7,664.5612903225806,-0.034129096045461216
853,2049,6,666.8356666666665,0.1069645156362476
854,2049,5,670.2438709677418,0.31839647826559886
855,2049,4,662.4960000000002,-0.16225181045105064
856,2049,3,659.5677419354839,-0.34390974377111644
857,2049,2,656.5667857142859,-0.5300775927502628
858,2049,1,656.4265517241379,-0.5387771732756956
859,2048,12,656.8787096774194,-0.5107270228047838
860,2048,11,656.8820000000001,-0.5105229037733326
861,2048,10,656.0043333333334,-0.5649699877727102
862,2048,9,656.2900000000001,-0.5472483200980174
863,2048,8,654.4416666666666,-0.6619118524856286
864,2048,7,658.2867741935484,-0.42337608434725893
865,2048,6,656.666551724138,-0.5238884909818966
866,2048,5,659.7190322580645,-0.3345242706584994
867,2048,4,661.5227586206895,-0.22262798416658625
868,2048,3,665.6267741935483,0.031969449137859464
869,2048,2,667.75125,0.16376380465080395
870,2048,1,666.81,0.10537225377983532
871,2047,12,667.4864516129032,0.1473367252450018
872,2047,11,666.7836666666668,0.10373863447261264
873,2047,10,666.6448387096774,0.09512627886798107
874,2047,9,668.9271428571428,0.23671170115721182
875,2047,8,669.1503225806453,0.2505569178140612
876,2047,7,668.5712903225807,0.21463597061331163
877,2047,6,669.9799999999999,0.3020269324103289
878,2047,4,676.0646666666668,0.6794963860087717
879,2047,3,678.3671428571428,0.8223332047130073
880,2047,2,679.5550000000002,0.8960233197564027
881,2047,1,679.721612903226,0.9063593471821305
882,2046,12,679.1109677419357,0.8684772563459173
883,2046,11,679.3713333333334,0.8846293420565625
884,2046,10,680.0000000000001,0.9236294181761371
885,2046,9,673.1163333333334,0.4965930597746218
886,2046,8,665.4177419354838,0.0190018871400458
887,2046,7,669.2322580645161,0.2556398819304854
888,2046,6,672.1226666666666,0.4349497793332388
889,2046,5,672.157741935484,0.4371257148906981
890,2046,4,670.4613793103447,0.3318898641375283
891,2046,3,672.4007142857142,0.4521987904271748
892,2046,2,672.0139285714287,0.42820408369477897
893,2046,1,672.1196428571429,0.43476219375275765
894,2045,12,672.4276,0.4538666773365175
895,2045,11,671.9206666666665,0.4224184717359573
896,2045,10,672.5755172413793,0.4630428973893131
897,2045,9,669.6379310344827,0.28080628178469585
898,2045,8,670.897741935484,0.3589601328482933
899,2045,7,672.6945161290323,0.47042513335422975
900,2045,6,674.9073333333332,0.6076998513920301
901,2045,5,678.6148387096774,0.8376993082708339
902,2045,4,681.1453333333333,0.9946815186781645
903,2045,3,679.8058064516127,0.9115823929867886
904,2045,2,680.4760714285712,0.9531630692142489
905,2045,1,677.2614814814815,0.7537422007682693
906,2044,10,671.1371428571429,0.3738116506125442
907,2044,9,671.6023333333334,0.4026702889712864
908,2044,8,668.3164516129032,0.19882675151102625
909,2044,7,671.4793548387097,0.39504117340703343
910,2044,6,676.2193333333332,0.689091314598091
911,2044,5,674.7019354838711,0.5949577542067425
912,2044,4,674.9433333333332,0.6099331537360954
913,2044,3,673.9641935483871,0.5491910654891257
914,2044,2,670.0303448275862,0.3051501330064453
915,2044,1,669.5154838709677,0.27321012797073746
916,2043,12,669.2527272727273,0.2569097133382392
917,2043,11,670.048,0.30624539239357584
918,2043,10,670.395806451613,0.32782197471772945
919,2043,9,670.7529999999999,0.3499808966315839
920,2043,8,669.9799999999998,0.30202693241032186
921,2043,7,672.4477419354839,0.4551162059956939
922,2043,6,673.0150000000001,0.4903067272505794
923,2043,5,671.9203225806453,0.42239712595491075
924,2043,4,674.678,0.5934728883113033
925,2043,3,676.3148387096774,0.6950161029553278
926,2043,2,677.3310714285715,0.7580592949893713
927,2043,1,678.9606451612904,0.8591518182425352
928,2042,12,680.4103448275863,0.9490856422129346
929,2042,11,682.761,1.0949113007309546
930,2042,10,682.3177419354838,1.0674132653278627
931,2042,9,676.1046666666667,0.6819778330577347
932,2042,8,670.7941935483872,0.35253638685863203
933,2042,7,673.0193548387098,0.49057688479220035
934,2042,6,673.6276666666668,0.5283142245505631
935,2042,5,675.3277419354838,0.6337803935211846
936,2042,4,675.5414814814816,0.6470399776627689
937,2042,3,675.3041935483873,0.6323195416294706
938,2042,2,675.982857142857,0.6744212359728985
939,2042,1,676.4238709677419,0.7017800473307341
940,2041,12,677.3896774193549,0.761694986561404
941,2041,11,677.5503333333334,0.771661465152418
942,2041,10,677.631935483871,0.7767237505434369
943,2041,9,674.996,0.613200392350576
944,2041,8,675.0567741935483,0.6169705909314213
945,2041,7,677.2770967741934,0.754710913818737
946,2041,6,679.9603333333332,0.9211686498525652
947,2041,5,681.6032258064516,1.0230874168322386
948,2041,4,676.6303333333336,0.7145881830262338
949,2041,3,675.0422580645162,0.6160700657926917
950,2041,2,674.3842857142857,0.5752519771231887
951,2041,1,669.0838709677419,0.24643451384560858
952,2040,12,668.5606451612904,0.21397558551157148
953,2040,11,664.8806666666666,-0.014316208881924504
954,2040,10,662.348064516129,-0.17142916219828352
955,2040,9,661.6896666666667,-0.21227364721312222
956,2040,8,662.4287096774193,-0.16642624476085813
957,2040,7,665.9770967741935,0.05370212248605652
958,2040,6,665.6565517241378,0.03381673327302995
959,2040,5,664.648064516129,-0.028745956882784442
960,2040,4,664.9075,-0.012651571486569329
961,2040,3,665.8990476190477,0.04886025134328853
962,2040,2,667.4275862068964,0.1436849405444579
963,2040,1,667.9116129032258,0.17371210597512962
964,2039,12,667.7693548387097,0.16488695961550418
965,2039,11,667.6859999999999,0.15971594415217283
966,2039,7,667.1186666666666,0.12452075350768475
967,2039,6,667.9236666666668,0.17445987536812144
968,2039,5,668.3609677419356,0.20158836193649918
969,2039,4,670.279,0.32057574910134984
970,2039,3,672.5651612903225,0.46240045378458533
971,2039,2,673.2985714285716,0.5078984143655674
972,2039,1,673.9496774193548,0.5482905403503819
973,2038,12,673.7845161290322,0.5380445654385277
974,2038,11,673.9999999999999,0.5514123608313354
975,2038,10,673.8422222222222,0.5416244308048656
976,2038,9,674.5626666666667,0.5863180493201224
977,2038,8,674.6770967741935,0.5934168556360013
978,2038,7,675.892258064516,0.6688008155831906
979,2038,6,678.1646666666667,0.8097723560794418
980,2038,5,680.9067741935481,0.9798822218425765
981,2038,4,678.8106666666666,0.849847725920228
982,2038,3,678.9074193548385,0.8558498927338133
983,2038,2,679.9421428571428,0.9200401822660168
984,2038,1,678.5729032258065,0.8350977912033728
985,2037,12,676.2206451612903,0.689172695388415
986,2037,11,675.7196666666667,0.6580939052114447
987,2037,10,675.7716129032258,0.6613164510968021
988,2037,9,675.5518518518518,0.6476833157865639
989,2037,8,676.3548387096774,0.6974975500042979
990,2037,7,678.880322580645,0.8541689124748454
991,2037,6,680.7806666666668,0.9720589930817752
992,2037,5,677.5958064516129,0.7744824435314703
993,2037,4,680.0120000000001,0.9243738522908231
994,2037,3,680.8625806451613,0.9771406230868814
995,2037,2,680.2185714285714,0.9371887538365461
996,2037,1,681.0793548387096,0.9905884651586879
997,2036,12,681.6880645161291,1.028350485976417
998,2036,11,681.9676666666667,1.0456959342598127
999,2036,10,681.9461290322582,1.0443598217761996
1000,2036,9,681.0303333333335,0.9875473584124029
1001,2036,8,681.3707692307694,1.0086666997387563
1002,2036,6,682.3813333333334,1.0713582324911972
1003,2036,5,678.5758064516131,0.8352778962311271
1004,2036,4,677.371724137931,0.760581233631186
1005,2036,3,678.9,0.8553896243295842
1006,2036,2,678.3324137931033,0.8201787463761584
1007,2036,1,679.3319354838709,0.8821852501244558
1008,2035,12,680.043870967742,0.9263510052620966
1009,2035,11,680.3009090909092,0.9422966675672138
1010,2035,10,681.4166666666666,1.0115140011603136
1011,2035,9,679.9334782608696,0.9195026638447013
1012,2035,8,679.7235714285714,0.9064808466056008
1013,2035,6,680.6690909090909,0.9651372597224555
1014,2035,5,673.1029032258064,0.495759907257366
1015,2035,4,667.253,0.1328542798471315
1016,2035,3,668.0622580645162,0.18305755574825436
1017,2035,2,668.9596428571429,0.23872787688449779
1018,2035,1,668.6745161290323,0.2210397049332232
1019,2034,12,668.3248387096772,0.19934705492451144
1020,2034,11,667.7496551724139,0.16366486764562357
1021,2034,10,667.4341935483869,0.14409483474553605
1022,2034,9,667.6983333333333,0.16048105699227116
1023,2034,8,669.2566666666667,0.2571540982748795
1024,2034,7,668.681612903226,0.22147996166772368
1025,2034,6,669.783,0.2898058056941819
1026,2034,5,672.4090322580644,0.45271480562571564
1027,2034,4,673.9876666666665,0.5506472479912371
1028,2034,3,673.936129032258,0.5474500502208945
1029,2034,2,673.0424999999999,0.49201272209673086
1030,2034,1,672.5180645161291,0.4594787500011359
1031,2033,12,672.3670967741936,0.4501132885582615
1032,2033,11,672.232,0.44173240126707664
1033,2033,10,672.3983870967742,0.45205442052398254
1034,2033,9,672.9506896551724,0.4863171593658116
1035,2033,8,672.5706451612901,0.4627406521703232
1036,2033,7,672.3183333333333,0.4470881911477579
1037,2033,6,673.498125,0.5202779548888541
1038,2033,5,673.8966666666666,0.5450019559548477
1039,2033,4,674.9127272727274,0.6080344707668273
1040,2033,3,675.9568965517242,0.6728107401664988
1041,2033,2,676.3399999999999,0.6965770131958046
1042,2033,1,676.0813333333333,0.6805303222791659
1043,2032,12,675.9488461538463,0.6723113242650696
